number_of_elements,A_uniform,B_uniform,C_uniform,A_binomial,B_binomial,C_binomial
100,327,324,428,274,247,255
110,184,181,189,272,245,253
120,187,187,197,274,244,253
130,193,193,202,273,250,250
140,197,197,206,275,249,261
150,206,205,213,273,249,256
160,207,208,242,274,299,309
170,340,327,340,275,246,267
180,330,337,325,282,267,252
190,227,224,234,273,248,258
200,264,278,237,273,269,271
210,239,238,244,272,243,268
220,274,245,254,264,250,257
230,256,245,256,274,275,280
240,253,252,260,273,258,260
250,259,259,270,273,279,287
260,269,265,271,272,292,255
270,275,271,276,263,244,255
280,416,277,281,273,266,265
290,281,299,291,274,273,283
300,289,282,291,275,252,259
310,292,294,299,275,255,263
320,298,294,308,273,295,300
330,300,296,364,275,250,250
340,305,307,316,276,259,260
350,318,311,321,281,253,254
360,319,319,327,268,275,274
370,328,324,332,274,246,257
380,318,329,339,273,257,303
390,394,337,339,273,276,282
400,506,494,525,271,284,294
410,521,595,508,279,330,346
420,589,592,655,529,872,450
430,478,360,375,266,253,255
440,360,370,438,272,332,337
450,370,367,377,275,285,293
460,365,371,381,273,245,252
470,388,400,430,273,294,303
480,603,412,653,273,410,573
490,394,389,403,377,313,328
500,667,633,656,291,510,920
510,656,654,742,277,475,1152
520,718,937,648,279,334,333
530,425,405,415,274,250,254
540,419,423,423,271,294,294
550,417,423,427,271,299,298
560,434,606,649,341,419,384
570,697,583,616,272,451,433
580,442,434,456,274,426,432
590,452,443,450,274,281,286
600,449,448,449,274,322,331
610,451,469,458,268,309,328
620,460,532,723,274,273,279
630,493,487,701,273,252,252
640,470,469,478,274,261,275
650,477,493,484,273,432,438
660,524,475,489,272,261,263
670,483,486,614,267,248,260
680,487,498,493,320,303,285
690,558,499,539,275,608,505
700,652,550,502,272,307,306
710,518,502,509,272,387,395
720,520,526,515,274,482,489
730,884,518,531,271,279,275
740,528,618,548,273,251,260
750,540,536,564,273,426,472
760,692,547,549,273,296,306
770,547,552,566,275,375,378
780,552,544,591,347,350,345
790,682,604,592,272,257,262
800,638,814,1062,344,415,381
810,560,559,571,273,336,344
820,574,573,573,274,285,292
830,578,571,587,274,627,599
840,593,784,601,274,279,285
850,597,708,795,273,630,603
860,615,587,586,274,250,258
870,607,606,632,273,246,252
880,611,606,609,280,512,500
890,616,636,616,273,253,261
900,616,621,631,277,288,263
910,665,645,679,275,282,289
920,628,606,612,274,423,426
930,635,640,632,275,245,261
940,642,636,662,263,358,367
950,649,652,661,273,570,591
960,795,681,645,273,298,306
970,792,682,652,273,449,463
980,651,655,669,273,284,290
990,666,659,670,274,590,595
1000,673,673,687,274,571,930
1010,954,1194,776,276,907,731
1020,677,736,928,280,341,351
1030,698,884,786,274,411,419
1040,699,687,681,274,412,386
1050,1142,1421,1360,280,510,592
1060,1165,1210,1264,277,387,385
1070,1250,1185,1175,276,333,378
1080,986,1168,1011,274,287,300
1090,1304,910,1317,274,300,306
1100,740,842,1249,264,316,318
1110,1170,1120,1395,275,253,263
1120,998,815,761,273,262,295
1130,1117,1004,1196,274,271,277
1140,759,741,756,272,294,321
1150,964,1122,1035,279,870,888
1160,1198,904,756,268,871,878
1170,758,750,771,273,803,792
1180,746,769,782,274,317,323
1190,767,766,794,274,857,1031
1200,1118,943,792,273,254,259
1210,863,897,792,272,781,766
1220,788,779,796,324,782,660
1230,828,805,856,275,885,880
1240,803,800,798,278,421,426
1250,812,927,811,273,898,905
1260,825,812,827,275,409,419
1270,829,933,1761,349,293,282
1280,908,1150,886,261,338,343
1290,837,813,846,273,469,475
1300,1066,895,848,273,290,292
1310,861,831,863,287,1434,1273
1320,834,843,1074,273,290,294
1330,851,834,879,271,1047,984
1340,865,840,857,273,246,254
1350,1195,1603,872,274,305,315
1360,882,1238,913,275,274,275
1370,1026,874,1186,274,609,612
1380,869,871,875,273,844,1907
1390,947,1243,959,274,265,267
1400,899,892,898,273,445,452
1410,901,885,887,275,979,1011
1420,896,1164,1108,275,1596,1295
1430,913,900,907,278,1247,1189
1440,923,910,891,273,260,264
1450,964,932,1273,344,983,780
1460,937,918,930,272,268,269
1470,940,918,939,274,371,378
1480,934,915,1024,274,460,444
1490,921,1165,955,274,757,682
1500,931,930,973,294,973,802
1510,957,971,954,272,246,254
1520,973,935,937,274,594,575
1530,1066,1142,998,273,963,971
1540,989,978,973,263,247,245
1550,991,1211,1103,274,654,659
1560,984,1696,1658,273,299,301
1570,983,1068,977,276,1159,1164
1580,941,991,983,273,778,786
1590,987,1198,1335,344,707,633
1600,995,985,987,271,258,266
1610,999,993,1126,273,350,341
1620,1008,995,1023,273,398,404
1630,1685,1387,1160,274,400,457
1640,1020,1016,998,272,255,261
1650,1050,1030,1051,273,598,602
1660,1010,1109,1515,267,248,275
1670,1370,1092,1060,274,563,570
1680,1040,1074,1187,264,1295,1297
1690,1069,1045,1200,314,453,400
1700,1496,1100,1067,275,1578,1583
1710,1036,1059,1066,273,565,575
1720,1129,1072,1623,344,1100,866
1730,1062,1061,1094,273,349,358
1740,1170,1112,1105,274,1345,1348
1750,1092,1555,1821,290,1602,1484
1760,2090,1952,2033,277,2962,2694
1770,1976,1997,2039,282,2217,2213
1780,1907,2138,2959,285,1376,1685
1790,1234,1121,1120,274,1704,1371
1800,1096,1085,2101,343,795,883
1810,1135,1395,1612,299,274,283
1820,1405,1143,1106,274,1653,1928
1830,2344,1594,1291,272,575,564
1840,1172,1132,1304,274,1618,1615
1850,1136,1140,1830,275,3023,1766
1860,1127,1151,1137,274,555,562
1870,1145,1203,1226,266,561,713
1880,1287,1857,1433,275,1274,1265
1890,1448,1139,1158,274,1158,1162
1900,1495,2463,1921,285,766,547
1910,1192,1152,1179,272,292,291
1920,1172,1163,1471,289,1122,1340
1930,2139,1207,1285,274,449,410
1940,1292,1199,1174,279,1718,1749
1950,1228,1187,2317,325,2193,1752
1960,1251,1219,1169,273,378,381
1970,1608,1520,1196,267,1687,1425
1980,1205,1177,1270,278,1741,1744
1990,1219,1230,1234,274,1723,2144
2000,1369,1229,1242,276,1264,1268
2010,1205,1489,1227,275,1414,1418
2020,1492,2238,1237,264,1835,1707
2030,1268,1352,1842,274,287,302
2040,2275,2475,1336,274,525,532
2050,1235,1248,1230,274,1489,1373
2060,1275,1231,1291,275,2129,1931
2070,1289,1254,1269,274,841,847
2080,1259,1239,1234,274,1603,1718
2090,1601,1504,1376,275,1701,1894
2100,1264,1273,1321,255,708,715
2110,1265,2620,1904,279,1166,1156
2120,1299,1283,1279,260,1292,1510
2130,1329,1304,2247,296,1229,1201
2140,1292,1391,1312,274,1560,1565
2150,1275,1738,1582,273,2351,1939
2160,1584,1341,1285,276,1957,1960
2170,1309,1340,2047,278,2069,2141
2180,1341,1321,1329,273,1176,1127
2190,1353,1337,2292,242,2084,1876
2200,1374,1308,1552,275,477,548
2210,1322,1377,1346,264,528,666
2220,1643,1501,1351,272,381,387
2230,1357,1330,1613,346,1509,904
2240,1447,1536,1571,276,2116,2022
2250,1339,1475,1605,277,285,292
2260,1380,1392,1328,280,601,619
2270,2475,2081,1918,370,1495,1892
2280,2157,2343,2888,280,499,503
2290,1342,1385,1486,274,798,802
2300,1377,1345,1378,274,1566,2484
2310,1922,2552,2379,270,337,331
2320,5875,3742,2659,286,2506,1893
2330,1473,1404,1715,274,355,638
2340,2333,1427,1426,275,1341,1344
2350,1407,1497,1391,263,962,922
2360,1523,2334,1954,278,307,278
2370,1491,1426,1433,273,970,977
2380,1905,1489,2223,274,639,645
2390,1422,1412,1432,274,2061,2041
2400,1519,1408,1434,275,564,556
2410,1765,1509,1448,274,1107,1112
2420,1449,1471,1468,264,259,282
2430,1559,1938,1467,275,650,656
2440,1453,1479,1628,275,520,529
2450,1968,1428,1497,260,721,1536
2460,1773,1476,1489,278,1877,1883
2470,1512,1596,1470,274,1822,1355
2480,1845,1499,1675,278,2485,2371
2490,1479,1535,2573,276,2257,1989
2500,1611,1602,1624,278,1843,1796
2510,1525,2309,1483,264,490,492
2520,1530,1471,1499,272,2054,2059
2530,1737,1765,1719,267,2195,2197
2540,1536,1629,1537,287,1899,1366
2550,1904,1529,1798,276,2503,2508
2560,1565,1745,1971,274,1126,1306
2570,1511,1544,1569,274,1220,1447
2580,1550,1713,1573,278,301,306
2590,2084,1702,1551,275,1061,1067
2600,1522,1555,1517,274,1154,1348
2610,1710,2773,1662,277,504,510
2620,1665,1742,1681,276,2362,1727
2630,1555,2017,1562,275,1074,1077
2640,1572,1560,1598,260,264,266
2650,1640,1616,1621,263,1698,1535
2660,1611,1811,1524,275,2657,2413
2670,1565,2459,1684,277,751,757
2680,1703,1709,1694,274,1881,3453
2690,3984,3990,4035,267,5432,3960
2700,1633,1716,1860,274,1144,1084
2710,2045,2916,2519,270,2036,1681
2720,1613,1606,1593,280,705,839
2730,1659,2621,1700,273,1208,1199
2740,1636,1602,1932,299,2975,3888
2750,3237,2967,1642,275,1176,1570
2760,1671,2743,1707,273,251,257
2770,1671,1767,1619,272,244,253
2780,1772,1658,1635,274,664,735
2790,2522,2050,1658,267,598,614
2800,1670,1728,1662,270,3253,3483
2810,1946,1657,1660,279,2712,2871
2820,2794,1964,2123,275,327,337
2830,1791,1866,1772,277,1563,1575
2840,2601,2586,1683,277,2708,2718
2850,3304,3157,4135,262,1761,1780
2860,4352,3538,1834,274,557,557
2870,1680,1702,1706,270,878,908
2880,2060,1607,2457,275,2290,2271
2890,1707,1685,1762,274,1024,1031
2900,1746,2501,1814,275,1741,1746
2910,1730,1687,1945,275,2239,2832
2920,1712,1735,1846,306,979,1078
2930,1735,1720,1727,622,2781,1800
2940,1695,1757,2092,281,2611,2472
2950,1674,2347,4541,262,1163,1178
2960,4461,4591,4467,266,5077,4286
2970,2445,1878,1816,273,571,576
2980,1762,1756,1773,276,1810,1972
2990,1829,1757,1772,277,2657,2557
3000,1753,1793,2516,280,1042,985
3010,1894,1899,2380,274,690,699
3020,2021,4178,1902,274,2222,2434
3030,1747,1756,1814,274,2409,2920
3040,1876,1937,1882,281,3116,3029
3050,2575,2608,1912,265,2971,2977
3060,1826,1767,2553,273,492,561
3070,2023,1863,1973,274,246,261
3080,1870,1831,1816,275,2681,2467
3090,1788,1843,1871,276,1356,1364
3100,1978,2870,2304,278,3054,3238
3110,1896,1852,2571,280,4554,4379
3120,3563,2226,2565,275,1111,1113
3130,1844,1925,1860,273,488,494
3140,1868,1865,2263,278,2609,2264
3150,1963,1852,1879,276,345,334
3160,1978,2913,2460,275,1983,2075
3170,1861,1885,1907,282,2934,3110
3180,1984,1884,1879,274,1124,1025
3190,2585,1807,1975,279,1712,1666
3200,1845,1855,1845,266,2950,3387
3210,1971,1929,1913,275,762,769
3220,1991,2378,1890,274,4007,3219
3230,1886,1932,1928,276,3136,4322
3240,2041,1876,2189,277,3105,3127
3250,1962,1941,1902,274,2631,2458
3260,2139,1858,1974,274,1475,1451
3270,2042,2001,1914,256,1453,1458
3280,1929,2504,2901,273,244,252
3290,1950,1999,1915,273,999,980
3300,1977,2602,2123,276,443,446
3310,2186,1976,1908,274,1599,1671
3320,1990,2389,2062,275,969,976
3330,1954,1953,1984,273,312,313
3340,1917,2133,2066,276,2460,2449
3350,1993,2022,2017,291,712,709
3360,3315,1945,1996,275,1626,1605
3370,2030,2128,2152,320,1849,1640
3380,1991,1977,2046,276,1256,1261
3390,2080,3203,1999,273,247,254
3400,1907,2249,2010,276,3336,3728
3410,2045,1943,1943,276,1833,1799
3420,2527,2375,2582,274,594,602
3430,2175,1978,2017,274,586,592
3440,3071,2973,2047,273,1540,1543
3450,2036,2117,2068,272,1656,3276
3460,2140,2261,2058,276,2702,2707
3470,3589,2241,2146,278,2530,2774
3480,2070,2167,3698,268,279,279
3490,2384,2087,2053,274,408,410
3500,2037,2090,2723,284,1730,1733
3510,2174,2080,1994,275,2067,2243
3520,2416,2071,2079,277,352,358
3530,2036,2128,2151,276,2258,2474
3540,2018,2349,2052,275,509,516
3550,2007,2069,2085,277,1736,1738
3560,2092,2073,2041,277,1254,1011
3570,2043,2034,2128,275,2526,2448
3580,2192,2032,2070,271,1577,1407
3590,2066,2080,2055,263,990,1343
3600,2232,2122,2292,273,739,742
3610,2170,2076,2080,275,2356,2362
3620,2192,2369,2036,274,259,266
3630,2124,2325,2061,273,452,463
3640,2121,2313,2580,277,2095,2188
3650,2029,2124,2143,275,1929,1963
3660,2079,2061,2165,274,1312,1316
3670,2170,2186,2241,279,3745,4173
3680,2177,2196,2225,277,2530,2560
3690,2192,2122,2096,274,840,842
3700,2254,2278,2214,273,332,338
3710,2172,2090,2254,273,819,821
3720,2200,2229,2539,307,3654,3350
3730,2248,2431,3260,275,1283,1178
3740,2228,2710,2160,289,3312,4425
3750,2218,2124,2248,264,1642,1737
3760,2240,2109,2193,277,3931,3731
3770,2196,2376,2178,273,1642,1655
3780,2127,2184,2422,275,2626,2615
3790,2196,2251,2226,275,613,617
3800,2184,2219,2364,280,1443,1449
3810,2151,2231,2206,278,369,351
3820,2194,2228,2212,275,1180,1186
3830,2391,2206,2298,275,974,980
3840,2291,2291,2254,274,387,394
3850,2208,2544,2309,265,1343,1344
3860,2223,2284,2279,274,298,304
3870,2263,2266,2198,278,1422,1263
3880,2212,2294,2243,276,2850,2764
3890,2243,2294,2492,276,1102,1107
3900,2253,2248,2249,274,740,719
3910,2305,2320,2235,274,1952,1976
3920,2365,2273,2264,278,3055,2961
3930,2280,2303,2460,279,295,293
3940,2298,2347,2316,276,1004,975
3950,2313,2302,2351,273,278,289
3960,2529,2306,2325,275,845,803
3970,2522,2575,2289,274,376,383
3980,2825,2609,2314,274,517,523
3990,2323,2302,2472,273,1212,1081
4000,2341,2340,2491,279,656,661
4010,2263,2244,2422,275,2160,2080
4020,2347,2288,2381,276,3273,3014
4030,2354,2371,2405,274,254,253
4040,2384,2378,2346,286,3397,3330
4050,2318,2642,2375,278,2780,2784
4060,2481,2354,2870,381,3014,2584
4070,2305,2385,2370,275,1381,1478
4080,2333,2409,2374,276,3102,3032
4090,2406,2342,2511,278,4189,4304
4100,2445,2444,2409,279,4130,4076
4110,2415,2379,2466,294,711,738
4120,2409,2438,2332,276,3826,3901
4130,2395,2437,2478,266,1938,1943
4140,2517,2515,2439,275,1195,1203
4150,3946,3611,3275,331,2646,2197
4160,2597,3329,2895,273,3719,3686
4170,2449,2351,2313,272,4171,4134
4180,2333,2406,2490,276,3898,3924
4190,2383,2421,2379,274,1707,1712
4200,2530,2508,2430,277,3148,3138
4210,2395,2432,2599,275,4246,4251
4220,2447,2468,2469,257,828,834
4230,2451,2434,2521,274,1476,1483
4240,2453,2495,2544,275,2799,2819
4250,2429,2528,2450,271,3918,3906
4260,2457,2440,2511,273,362,367
4270,2503,2485,2448,276,1233,1244
4280,2470,2486,2527,275,4145,4152
4290,2522,2539,2540,274,1882,1882
4300,2517,2417,2467,278,4042,4048
4310,2501,2512,2504,273,336,345
4320,2484,2519,2499,289,4283,4292
4330,2495,2505,2436,272,264,272
4340,2523,2435,2556,274,1577,1581
4350,2514,2478,2522,266,3520,3525
4360,2484,2462,2439,265,3351,3375
4370,2521,2524,2567,276,2035,2045
4380,2545,2565,2525,277,3982,4288
4390,2807,2561,2660,274,503,507
4400,2566,2573,2701,277,500,510
4410,2628,2659,2542,274,457,459
4420,2590,2571,2578,274,1311,1314
4430,2657,3084,2513,279,4375,4615
4440,2613,2530,2668,275,2437,2140
4450,2546,2866,2488,277,2668,2697
4460,2611,2483,2644,277,3867,4110
4470,2606,2551,2799,270,4252,4433
4480,2806,2593,2602,273,313,320
4490,2670,2603,2592,274,1603,1609
4500,2886,2701,2674,274,1143,1149
4510,2782,2531,2619,275,2508,2951
4520,2546,2524,2599,274,730,659
4530,3853,2687,2617,275,518,487
4540,2568,2675,3084,275,739,705
4550,2635,2626,2600,274,1079,1284
4560,2657,2836,3473,282,3808,2847
4570,2582,4171,2595,275,2846,2917
4580,2562,3336,2644,275,1773,1594
4590,2657,2591,2574,272,336,308
4600,2635,2695,2881,277,3842,3641
4610,2645,2746,2625,278,4361,5097
4620,2682,2731,2635,277,2801,2853
4630,2618,2685,2648,278,4382,4456
4640,2620,2699,2683,275,259,257
4650,2650,2770,2730,277,1460,1480
4660,2736,2635,2712,276,3215,3168
4670,3025,4512,2955,272,440,582
4680,2716,3320,2725,278,2817,2937
4690,2750,2814,2658,266,3184,2977
4700,2772,2883,2677,276,3474,3481
4710,2997,2727,2853,276,2646,2571
4720,2621,2659,3137,278,4680,4463
4730,2859,2570,2861,276,2288,2271
4740,2780,2796,2749,273,323,322
4750,2808,2803,2742,276,4403,4191
4760,2854,2776,2781,276,3157,3399
4770,2725,2723,2620,297,372,374
4780,2841,2913,2778,277,4498,3847
4790,2807,2791,2739,275,2484,2287
4800,2833,2728,2748,275,2296,2297
4810,2903,2745,2875,276,2765,2766
4820,2744,2790,2789,274,1587,1608
4830,2769,2891,2827,276,3040,3137
4840,2827,2751,2872,296,3431,3397
4850,2769,2925,2870,278,3557,3659
4860,2697,2753,2799,275,482,464
4870,2809,2768,2811,275,1677,1662
4880,2806,2859,2953,276,3267,3269
4890,2792,2928,2824,276,2863,2891
4900,2857,2813,2869,277,3419,3018
4910,2840,2938,2829,273,903,913
4920,4469,4218,2885,276,3270,3106
4930,2844,2863,2936,277,2282,2452
4940,2845,2917,2829,287,2937,3194
4950,2965,2974,4129,274,506,485
4960,2875,2939,2878,276,4023,3791
4970,2810,2940,2889,268,2642,2579
4980,3014,2864,2845,274,853,905
4990,2949,2862,2777,270,1554,1641
5000,2910,2923,2790,277,529,532
5010,2826,2844,2987,271,277,332
5020,3072,2954,2904,275,2526,2481
5030,2893,2906,3033,272,1122,1128
5040,2880,2997,2854,276,2979,2986
5050,3041,2989,2889,277,4039,3964
5060,2866,3082,2867,278,3403,3495
5070,2900,4134,4651,268,3028,2582
5080,2958,3068,2919,273,340,347
5090,2874,3165,3010,278,4715,4724
5100,2907,3045,3078,278,4692,4763
5110,2988,2962,3182,274,494,497
5120,2989,2857,3035,277,2783,2753
5130,2967,3214,2977,275,1403,1407
5140,3069,2931,2981,274,757,762
5150,3241,2912,2898,274,2685,2767
5160,3036,3159,3576,332,1049,1046
5170,2985,2971,3597,272,247,247
5180,3157,3071,3247,273,2079,2044
5190,2987,3176,3013,274,5400,5079
5200,3767,3042,3828,333,618,625
5210,3104,2989,2907,273,329,335
5220,3134,3086,3061,275,256,264
5230,3061,3238,3109,273,258,260
5240,3041,3068,3001,275,2587,2871
5250,3018,3048,2925,274,1057,949
5260,3168,2923,3043,272,4876,5645
5270,3665,4523,3912,275,247,254
5280,3636,4324,3167,274,352,365
5290,3263,3190,3110,276,2711,2663
5300,3167,3526,2996,277,3694,3450
5310,3281,3516,3059,275,2888,2890
5320,3531,3051,3123,274,1125,1065
5330,2977,3079,3071,277,5029,4886
5340,3133,3105,3028,276,1829,1632
5350,3219,3089,3156,276,2245,2251
5360,2991,3200,3015,261,1041,1074
5370,3075,3231,2964,275,2060,2061
5380,3257,3081,3182,273,247,253
5390,3097,3007,3217,279,5569,5313
5400,3204,3198,3038,279,4986,4785
5410,3333,3165,3082,285,2642,2850
5420,3182,3078,3246,277,4741,4942
5430,3100,3162,3152,268,5274,5217
5440,3378,3178,3228,279,3511,3408
5450,3085,3241,3387,272,2551,2519
5460,3093,3054,4339,275,1675,1721
5470,3040,3111,3264,289,2386,2388
5480,3808,3134,3376,278,6250,8179
5490,3639,3182,3425,274,392,402
5500,3183,3153,3497,271,359,362
5510,3296,3133,3778,284,5775,6191
5520,3123,3156,5004,449,428,364
5530,3787,3439,3096,277,6759,5109
5540,3263,3418,3260,344,1988,1714
5550,3277,3242,3142,278,5925,5845
5560,3163,3661,4231,277,2672,2681
5570,3129,3251,3719,276,3734,3757
5580,3404,4558,3959,275,1120,1125
5590,3367,3187,3667,297,863,869
5600,3443,3213,3265,278,5988,5500
5610,3300,3289,3241,274,669,696
5620,3304,3244,3892,347,552,552
5630,3356,3118,3373,278,4704,5307
5640,3279,3256,3366,273,274,272
5650,3247,3199,3418,262,709,716
5660,3322,4672,3202,276,2158,2163
5670,3389,3245,3277,277,3921,3874
5680,3340,3240,3277,277,3196,3321
5690,3328,3167,3306,274,4202,4201
5700,3441,3336,3245,274,605,621
5710,4671,3776,3522,276,3004,3012
5720,3354,3306,3155,278,5108,4867
5730,3312,3389,3283,273,493,500
5740,3368,3271,3310,273,372,378
5750,3485,4272,3245,273,387,392
5760,5203,4699,3469,274,1899,1943
5770,3327,4090,4946,278,4593,4732
5780,4142,3386,3300,277,4384,3778
5790,3315,3564,3507,275,498,496
5800,3297,3359,3335,275,2629,2895
5810,3292,3361,3512,267,5962,5927
5820,3257,3340,3480,276,3063,3071
5830,3429,3904,3417,275,2205,2148
5840,3415,3405,3735,272,453,461
5850,3592,3507,3344,278,6318,5610
5860,3337,3592,3405,264,2682,2904
5870,3407,3476,3469,272,2923,2929
5880,3548,3429,3346,272,251,251
5890,3432,3357,5081,288,5636,4347
5900,3483,3527,3297,269,6078,6685
5910,3379,3314,3627,278,4668,4764
5920,3474,3291,3344,276,946,832
5930,3659,3931,3536,277,2283,2314
5940,3761,3430,3285,275,246,252
5950,3471,3488,3384,278,3844,3642
5960,3609,3708,3340,279,5419,5506
5970,3473,3492,3543,269,5689,5562
5980,3454,3427,3626,276,2186,2258
5990,3374,3399,3614,278,3773,3778
6000,3553,3340,3481,279,3770,3712
6010,3251,3538,3389,268,2817,2906
6020,3682,3484,3562,273,324,331
6030,3476,3478,3463,276,1349,1356
6040,3442,3602,3339,279,4853,4797
6050,3538,3525,3496,277,4036,4129
6060,3411,3418,3757,280,6035,6112
6070,3439,3491,3384,279,5685,5716
6080,3454,3712,3369,277,4264,4272
6090,3403,3508,3573,273,260,264
6100,3493,3624,3360,278,4352,4399
6110,3606,3697,3485,281,5943,6111
6120,3484,3580,3431,279,4699,4763
6130,3462,4250,3462,279,5840,5551
6140,3470,3525,3683,247,273,273
6150,3748,3482,3371,275,2783,2756
6160,3497,3766,4210,295,7954,6348
6170,3630,3846,3585,256,3973,3833
6180,4120,3554,3581,280,5986,5938
6190,3646,3463,3512,269,1967,1858
6200,3585,3517,3494,274,2575,2568
6210,3650,3379,3579,278,5020,4962
6220,3609,3552,3676,283,5118,5014
6230,3584,3558,3585,278,4253,4183
6240,4104,3530,3443,281,6306,6134
6250,3528,3543,3858,348,637,499
6260,3587,3595,3535,280,6457,6441
6270,3509,3633,3558,282,4505,4582
6280,3583,3604,3643,274,1461,1464
6290,3620,3742,3643,273,326,332
6300,3801,3650,3710,278,5400,5349
6310,3738,3551,3478,279,4565,4414
6320,3745,3620,3483,265,4416,4002
6330,3434,3755,3626,278,2789,2989
6340,3561,3618,3593,276,2104,2136
6350,3789,3590,3649,270,321,328
6360,3706,3564,3760,278,5326,5161
6370,3734,3515,3710,275,5516,5490
6380,3487,3553,3937,275,2507,2448
6390,3449,3655,3686,278,4440,4181
6400,3577,4005,3820,278,5234,5133
6410,3723,3648,3660,281,6974,6587
6420,3723,4518,5470,282,3828,3899
6430,4395,3722,3729,283,7229,6964
6440,3572,3794,3663,274,818,824
6450,3701,3691,3674,278,5195,4637
6460,3577,3626,3775,276,3183,3142
6470,3597,3874,3850,275,2808,2874
6480,3758,3729,3792,278,3487,3494
6490,3850,3621,3801,277,5585,5707
6500,3855,3688,3792,271,994,1197
6510,3689,3787,3632,277,2767,3076
6520,3818,3782,3840,274,5297,5284
6530,3617,3844,3843,279,5926,6026
6540,3812,3717,3735,274,2085,2040
6550,3750,3650,3771,277,4557,4472
6560,3763,3717,3660,268,6102,6051
6570,3631,3667,3789,276,3483,3534
6580,3863,3769,3818,277,4044,3980
6590,3858,3630,3651,277,3490,3447
6600,3761,3880,3783,279,5454,5376
6610,3739,3852,3711,279,7038,6983
6620,3836,4171,3872,277,4573,4644
6630,3832,3819,3837,272,1843,1599
6640,3728,3914,3772,281,6746,6349
6650,3861,3875,3842,280,1539,1340
6660,3689,4365,3750,273,304,310
6670,3780,4004,3768,260,266,279
6680,3989,3857,3948,263,1732,2105
6690,4048,3861,4000,274,1143,1148
6700,3853,4043,3858,277,4185,4238
6710,3797,4071,3816,276,3297,3337
6720,3786,3879,3986,276,1280,1287
6730,3925,3869,3850,279,6928,6714
6740,3868,3954,4109,280,6312,6472
6750,3782,4024,4037,278,4859,4737
6760,3999,4193,3895,279,6554,6510
6770,4030,3735,4051,277,7108,7092
6780,3855,4298,3903,277,6337,7329
6790,3946,3851,3930,277,5984,6611
6800,4049,3847,4071,278,4255,4459
6810,3712,3902,4104,335,6515,6216
6820,3966,4003,3835,274,329,334
6830,3976,3838,3954,277,4089,4051
6840,4218,3980,4051,275,1476,1482
6850,3975,4063,4048,279,6032,5886
6860,3793,4053,3893,278,3736,3721
6870,3869,4027,3939,280,6064,6180
6880,3874,3999,3841,279,6013,5848
6890,4035,3835,4008,279,6164,6202
6900,3971,4092,4522,278,5725,5673
6910,5039,4372,3962,264,576,1186
6920,4363,3984,4158,277,3573,3416
6930,4057,3849,4467,333,1579,1509
6940,3978,4049,4032,283,4311,4309
6950,3916,4478,3927,276,3053,3269
6960,3920,3861,3995,272,322,329
6970,3947,4078,3930,278,2250,2338
6980,3973,4049,4233,278,4695,4803
6990,4018,4134,4196,274,912,917
7000,3989,3955,4021,273,535,542
7010,4269,4066,3947,281,6227,6410
7020,3937,4078,4082,271,369,375
7030,4073,4188,4025,279,4457,4413
7040,3863,4133,3920,276,3799,3278
7050,4342,3965,4060,279,6364,6305
7060,4220,4364,4404,302,5976,6140
7070,4006,3920,4158,277,4073,4287
7080,3938,4069,4104,275,2144,2148
7090,4313,4024,4063,277,2400,2139
7100,3842,4361,3977,275,1768,1772
7110,4122,3978,4239,265,712,714
7120,4017,4187,4105,275,1907,1915
7130,4366,4447,4246,280,3237,3246
7140,4337,4104,3977,276,3844,4135
7150,4386,4093,4107,281,7342,7309
7160,4117,4128,4136,283,6750,7634
7170,4415,3997,4531,275,1407,1410
7180,3929,4102,4094,268,5227,5178
7190,4052,4462,4135,276,717,724
7200,4268,4212,4249,278,5376,5606
7210,4017,4089,4263,278,4995,5163
7220,4039,4361,4079,275,1708,1715
7230,4317,3976,4232,281,6998,7302
7240,4146,4212,4110,275,1714,1806
7250,4219,4114,4301,273,348,350
7260,4090,4232,4196,273,247,257
7270,4235,4246,4164,275,2703,2449
7280,4066,4269,4191,280,6463,6202
7290,4252,4121,4152,274,1576,1387
7300,4087,4097,4162,271,7770,7737
7310,4326,4144,4242,278,3573,3551
7320,4271,4167,4452,280,4540,4515
7330,4325,4208,4511,280,6805,6923
7340,4241,4177,4147,276,2952,3004
7350,4186,4347,4218,264,2801,2864
7360,4145,4230,4365,277,3128,3139
7370,4229,4148,4433,282,5081,5216
7380,4136,4033,4522,272,5128,5192
7390,4171,4394,4066,278,5723,5677
7400,4501,4119,4730,267,322,405
7410,5902,4069,4327,276,2032,2155
7420,4277,3985,4358,281,7714,7485
7430,4527,5441,4317,273,248,258
7440,4375,4273,4271,279,4854,5670
7450,4266,4169,4467,276,2426,2276
7460,4258,4256,4439,277,3909,3915
7470,4208,4385,4321,275,1595,1589
7480,4227,4431,4341,275,5954,5972
7490,4302,4220,4391,274,958,962
7500,4433,4234,4367,275,4759,4733
7510,4067,4259,4378,268,7975,8518
7520,4189,4604,4104,279,5926,5898
7530,4212,4916,4310,284,1712,1640
7540,4264,4355,4242,269,2772,2836
7550,4442,4243,5274,268,649,655
7560,4691,4513,4214,281,5746,5704
7570,4236,4319,4784,268,7118,7200
7580,4209,4510,4264,275,2012,2117
7590,4266,4257,4523,273,450,456
7600,4470,4250,4258,282,4849,4663
7610,4388,4321,4288,275,2308,2099
7620,4306,4351,4441,273,862,869
7630,4614,4316,4962,275,1214,1222
7640,4415,4544,4475,280,6381,7848
7650,4767,4306,6072,274,6774,5725
7660,4630,4360,4403,278,4094,3588
7670,4617,4368,4677,279,5796,5882
7680,4412,4938,4415,276,3267,3077
7690,4293,4310,4952,262,1856,1863
7700,4904,4379,4717,272,1314,1324
7710,4475,4641,4480,274,676,683
7720,4748,4246,4482,275,2444,3022
7730,4420,4340,4572,354,8904,7695
7740,4360,4481,4394,277,4291,4063
7750,4417,4367,4472,276,4373,4166
7760,4499,4377,4370,281,5708,5877
7770,4350,4337,4519,280,7882,7796
7780,4889,4530,4433,280,7523,7754
7790,4469,4367,4491,280,8257,8431
7800,4397,4725,4305,280,7218,7369
7810,4606,4467,4441,275,1884,1892
7820,4785,4321,4556,275,1609,1614
7830,4388,4519,4484,273,919,1031
7840,4511,4424,4716,276,2741,2744
7850,4595,4447,4486,276,2973,2974
7860,4513,5209,4395,278,2172,2170
7870,5883,4929,4514,279,7853,7638
7880,4386,6460,6714,311,280,283
7890,5359,4851,4478,281,7128,7100
7900,4383,4467,4725,273,354,361
7910,4591,4584,4478,276,3345,3273
7920,4571,4796,4418,280,6452,6939
7930,4827,4367,4681,281,5962,6127
7940,4576,4479,4490,280,6791,6698
7950,4576,5212,4641,280,3054,3148
7960,4530,4500,4564,275,1584,1536
7970,4599,4482,4554,272,315,319
7980,4565,4448,4599,277,8006,7620
7990,4676,4492,4437,275,2102,2158
8000,4706,4480,4578,275,1637,1596
8010,4398,4686,4668,278,3985,4180
8020,4551,4764,4479,273,378,343
8030,4585,4584,4741,276,2021,1978
8040,4724,4587,4437,278,253,257
8050,4563,4691,4764,276,2827,2769
8060,4741,4489,4704,263,2012,2026
8070,4499,4576,4585,284,4992,4946
8080,4606,4523,4662,276,2908,2922
8090,4616,4657,4657,265,2884,2767
8100,4598,4716,5608,308,4941,3940
8110,4751,4823,4854,280,8367,7791
8120,4720,5748,5942,276,1884,1986
8130,6477,4857,4724,283,7338,7609
8140,4649,4492,4830,285,8757,7890
8150,4813,4654,4590,278,6230,7727
8160,4639,4741,5070,280,6948,6970
8170,4708,4709,4587,278,4323,4270
8180,4680,5187,4809,272,5832,5818
8190,4575,4711,4739,274,833,886
8200,4731,4687,5448,276,3228,3185
8210,4621,5258,4471,279,6255,6845
8220,5145,4881,6083,273,3616,3863
8230,4787,4840,4819,278,3869,3954
8240,4629,4647,4610,276,3367,3504
8250,4722,4776,4694,300,2158,2389
8260,4729,4664,4977,280,4469,4634
8270,5071,5157,5770,282,7893,7848
8280,4626,5863,5905,282,7191,7116
8290,4836,4750,4604,278,2883,4093
8300,5957,4748,4892,277,2872,3452
8310,5119,4781,4706,305,3231,2871
8320,4751,4872,4594,277,3108,2875
8330,4607,4760,4573,277,4450,4664
8340,4719,4731,5574,289,8760,9000
8350,5010,4661,4954,277,2411,2418
8360,4969,4702,4860,279,6223,6713
8370,4593,4783,4697,274,574,646
8380,5413,4666,5270,268,1977,1858
8390,5432,4658,5420,277,4664,4947
8400,4860,4578,4918,276,3464,3730
8410,4844,4815,4841,297,1494,1479
8420,4926,4868,4901,282,8595,8403
8430,4868,4707,5035,280,7974,7857
8440,4923,4766,4903,278,4029,4247
8450,4792,4845,4734,274,932,937
8460,4999,4934,4832,276,1829,1833
8470,4718,5154,4620,280,7990,8218
8480,4925,4677,4685,275,1375,1592
8490,4864,5387,4859,273,361,360
8500,4823,4920,4875,264,969,973
8510,4968,4971,4906,281,8501,8432
8520,4768,5032,4845,282,5285,3634
8530,4759,4962,4882,276,1077,1691
8540,5105,4900,5128,346,2894,2732
8550,4846,4914,4787,277,3593,3548
8560,4681,4714,4889,273,9155,9149
8570,4843,4934,4894,284,8737,8865
8580,4984,5027,5093,276,1196,1205
8590,4866,4958,4888,274,282,286
8600,4795,5010,5108,280,7362,7140
8610,4981,7030,5890,276,3929,4669
8620,4808,5762,5082,271,7098,7248
8630,4904,5122,4791,281,8708,8582
8640,4830,5181,4718,282,7753,7837
8650,4936,4790,4983,280,7498,7292
8660,5068,4854,4995,278,5927,5379
8670,5012,5085,4945,277,5756,5838
8680,4922,4961,4798,278,5198,5388
8690,4947,4925,4937,272,258,274
8700,4941,4905,5020,339,8369,6279
8710,5917,4799,5863,280,6043,5947
8720,5139,5084,5081,276,2407,2411
8730,5017,4877,5137,275,1245,1247
8740,4988,5271,4935,281,8328,8476
8750,4727,5209,4952,275,5795,5620
8760,5123,4888,5126,281,6912,6799
8770,4830,4966,5112,281,8165,8399
8780,5069,4945,5224,284,8996,8909
8790,5106,5101,5127,279,8222,8382
8800,5235,5123,5194,291,8583,8478
8810,4969,5057,5036,274,862,867
8820,5499,4968,5063,276,2345,2379
8830,5184,4972,5304,278,5806,5991
8840,4981,5165,4872,280,3870,3686
8850,4913,4950,5452,275,2063,2274
8860,5280,5114,4921,280,6825,7211
8870,5066,5182,5013,282,8540,8581
8880,5013,5145,5206,262,3761,4883
8890,7623,5263,5147,272,441,449
8900,6017,4914,5013,275,5306,5266
8910,5005,5771,5229,263,4643,4591
8920,5109,5243,5138,264,4256,4142
8930,5139,5097,5429,283,9511,9482
8940,4969,5128,4950,278,3753,3845
8950,5258,5126,4938,272,7319,7325
8960,5166,5068,5149,274,8237,8028
8970,5291,5081,5061,282,7148,7039
8980,5095,6147,4858,275,1905,1913
8990,5098,5177,5233,281,8734,8909
9000,6146,5173,4942,274,4288,4083
9010,5372,5182,5087,278,6130,6165
9020,4951,5105,5104,280,7011,7038
9030,5100,5007,5197,280,6600,6795
9040,5083,5176,4998,278,4287,4391
9050,5101,5082,5239,273,8246,8264
9060,4977,5344,5014,278,4107,4023
9070,5129,5913,6339,270,8799,8939
9080,5349,5363,5071,278,3223,3847
9090,5079,5110,5212,282,9575,9685
9100,5082,5306,5060,273,396,399
9110,5314,5068,5197,275,1518,1123
9120,5128,5173,5271,274,387,391
9130,5117,5303,5134,276,499,505
9140,5218,5133,5206,276,3927,4010
9150,5242,5091,5082,281,9483,9443
9160,5057,5332,5195,281,7548,7574
9170,5232,5204,5145,281,6736,6682
9180,5194,5198,5296,270,5345,5024
9190,5199,5165,5905,282,1832,1831
9200,5586,6197,5241,279,4323,4523
9210,5234,5181,5123,283,9109,9108
9220,5917,5293,5201,273,683,678
9230,5310,5078,5357,279,5486,5255
9240,5340,5104,5369,279,9093,9024
9250,5458,5201,5378,276,3895,3722
9260,5264,6911,6471,264,2814,3063
9270,5360,5255,5530,355,4997,4887
9280,5291,5370,5982,280,6927,7043
9290,5333,6490,5265,282,8351,8456
9300,5201,5504,5144,276,1591,1592
9310,5420,5361,5302,273,449,454
9320,5386,5266,5386,274,1231,1213
9330,5474,5255,5300,278,6567,6550
9340,5507,5381,5198,275,1963,1931
9350,5536,5211,5385,300,258,262
9360,5262,5255,5551,277,1463,1466
9370,5330,5438,5515,275,393,398
9380,5462,5557,5565,279,5151,5231
9390,5499,5453,5448,286,9987,10649
9400,5469,5873,5595,275,1075,1080
9410,5296,5486,5562,276,333,337
9420,5123,5510,5260,279,5040,4342
9430,5341,5632,5511,280,5555,5672
9440,5380,5429,5283,278,3282,3234
9450,5355,5753,5421,282,7822,8072
9460,5832,6455,5850,276,1018,1003
9470,5348,5984,5144,281,6890,7315
9480,5447,5138,5451,278,4310,4201
9490,5436,5474,5399,276,2474,2660
9500,5496,5241,5371,280,7126,7018
9510,5961,5285,5410,278,5964,5264
9520,5585,5529,5396,278,6192,6086
9530,5408,5881,5411,276,2936,2889
9540,5540,5435,5545,285,9513,9559
9550,5295,5490,5526,283,8572,8655
9560,5353,5429,5440,282,7462,8322
9570,5609,5478,5523,279,4795,4558
9580,5593,5420,5602,280,7136,7144
9590,5635,5595,5887,283,8876,8498
9600,5592,5460,5534,274,905,912
9610,6009,5475,5429,283,9675,9707
9620,5572,5526,5489,287,7044,7100
9630,5520,5323,8449,287,4796,4869
9640,5913,5536,5350,268,8972,8966
9650,5535,5461,5351,281,7784,7705
9660,6174,5573,5535,278,4656,4425
9670,5653,7014,5558,281,8197,7930
9680,5368,6079,5543,268,2288,2746
9690,5635,5474,6020,279,4944,4503
9700,6183,5287,5247,290,7454,7288
9710,5454,5603,5537,283,10285,10328
9720,5629,5433,5510,276,1070,1075
9730,5545,5358,5333,279,6864,6715
9740,5568,5578,5396,265,2399,2487
9750,5606,5644,5676,280,7768,7318
9760,5533,5713,5487,275,1756,1566
9770,5394,5859,6202,277,5479,6151
9780,5449,5563,6429,278,5129,5097
9790,5787,5548,5626,267,1295,1351
9800,5692,5596,5536,283,9452,10071
9810,5348,5871,5513,274,555,561
9820,5450,5809,5557,276,1097,1191
9830,5526,5546,5486,275,1125,1130
9840,5543,5685,9343,390,3289,3051
9850,5423,6044,5563,283,10538,10290
9860,6402,5505,5557,281,8299,6879
9870,5709,5766,5594,283,9452,9584
9880,6139,5535,5546,275,833,790
9890,5594,5620,5623,283,9348,9394
9900,5723,5642,5764,273,312,319
9910,5774,5473,5733,280,7728,7528
9920,5769,5696,5601,283,5879,5960
9930,5601,6003,5632,284,6724,6964
9940,6342,5771,5624,277,4679,4180
9950,5628,5478,5504,276,2943,2977
9960,5746,5502,6040,279,9660,10001
9970,5551,6625,5706,274,262,266
9980,5390,5814,5702,267,7621,8295
9990,5537,6023,5795,293,9153,8852
10000,5622,5619,5626,275,3383,4203
